{
    "0": 0.24242136698622002, 
    "1": 0.31456703706598504, 
    "2": 0.3285508115964549, 
    "3": 0.34132537411825437, 
    "4": 0.3119765696692575, 
    "5": 0.560933547281967, 
    "6": 0.44315483034130204, 
    "7": 0.4449419714186878, 
    "8": 0.6257249016379097, 
    "9": 0.9404822221374483, 
    "10": 1.3311417264549195, 
    "11": 1.679864198329859, 
    "12": 1.7303048608748188, 
    "13": 1.5480948586659475, 
    "14": 1.3235283926410253, 
    "15": 1.1566794374597087, 
    "16": 1.0710450139029315, 
    "17": 1.0454760007192314, 
    "18": 1.0631905865407552, 
    "19": 1.1073330761484304, 
    "20": 1.1495421826973633, 
    "21": 1.175634473784454, 
    "22": 1.1880002157558587, 
    "23": 1.1871779033980594, 
    "24": 1.166707578505627, 
    "25": 1.1209962753680376, 
    "26": 1.04976836595699, 
    "27": 0.9569739465521473, 
    "28": 0.8472899915688993, 
    "29": 0.727003415950533, 
    "30": 0.6039739572395026, 
    "31": 0.48579643793110916, 
    "32": 0.3777330522161968, 
    "33": 0.28334274371638934, 
    "34": 0.20436385123425083, 
    "35": 0.14118042700567512, 
    "36": 0.09345060804198652, 
    "37": 0.05944504334552926, 
    "38": 0.036508133617130296, 
    "39": 0.021830621160223333, 
    "40": 0.012844030129873679, 
    "41": 0.007532691417112039, 
    "42": 0.00447222573115066, 
    "43": 0.002733864721705189, 
    "44": 0.001751568956813364, 
    "45": 0.0011887924228640703, 
    "46": 0.0008573340096459525, 
    "47": 0.000653995884272158, 
    "48": 0.0005224776600679973, 
    "49": 0.0004324325561626699, 
    "50": 0.00036756739845469037, 
    "51": 0.00031845141198749764, 
    "52": 0.00027986454853919644, 
    "53": 0.00024842339807579824, 
    "54": 0.00022171107389480527, 
    "55": 0.00019839849189327665, 
    "56": 0.00017750859379914621, 
    "57": 0.00015845602781220603, 
    "58": 0.00014080075299365043, 
    "59": 0.0002615436245578179, 
    "60": 1.0, 
    "61": 1.0, 
    "62": 1.0, 
    "63": 1.0, 
    "64": 1.0, 
    "65": 1.0, 
    "66": 1.0, 
    "67": 1.0, 
    "68": 1.0, 
    "69": 1.0
}